Time,Agent,x,y,Energy
1,grass,0,1,
1,grass,0,2,
1,grass,0,4,
1,grass,0,8,
1,grass,0,10,
1,grass,0,13,
1,grass,0,16,
1,grass,0,19,
1,grass,0,20,
1,grass,0,24,
1,grass,0,25,
1,grass,0,26,
1,grass,0,27,
1,grass,0,28,
1,grass,0,31,
1,grass,0,32,
1,grass,0,33,
1,grass,0,40,
1,grass,0,44,
1,grass,0,46,
1,grass,1,0,
1,grass,1,4,
1,grass,1,10,
1,grass,1,11,
1,grass,1,14,
1,grass,1,15,
1,grass,1,19,
1,grass,1,21,
1,grass,1,22,
1,grass,1,25,
1,grass,1,28,
1,grass,1,32,
1,grass,1,33,
1,grass,1,34,
1,grass,1,37,
1,grass,1,38,
1,grass,1,40,
1,grass,1,47,
1,grass,1,48,
1,grass,2,1,
1,grass,2,2,
1,grass,2,3,
1,grass,2,5,
1,grass,2,6,
1,grass,2,7,
1,grass,2,9,
1,grass,2,10,
1,grass,2,13,
1,grass,2,14,
1,grass,2,15,
1,grass,2,16,
1,grass,2,18,
1,grass,2,19,
1,grass,2,20,
1,grass,2,22,
1,grass,2,23,
1,grass,2,25,
1,grass,2,26,
1,grass,2,32,
1,grass,2,33,
1,grass,2,34,
1,grass,2,35,
1,grass,2,37,
1,grass,2,43,
1,grass,2,44,
1,grass,3,0,
1,grass,3,1,
1,grass,3,4,
1,grass,3,5,
1,grass,3,7,
1,grass,3,9,
1,grass,3,11,
1,grass,3,12,
1,grass,3,15,
1,grass,3,18,
1,grass,3,21,
1,grass,3,23,
1,grass,3,26,
1,grass,3,27,
1,grass,3,29,
1,grass,3,32,
1,grass,3,35,
1,grass,3,39,
1,grass,3,43,
1,grass,3,44,
1,grass,3,45,
1,grass,3,46,
1,grass,3,49,
1,grass,4,1,
1,grass,4,2,
1,grass,4,4,
1,grass,4,5,
1,grass,4,6,
1,grass,4,9,
1,grass,4,10,
1,grass,4,13,
1,grass,4,14,
1,grass,4,15,
1,grass,4,18,
1,grass,4,20,
1,grass,4,22,
1,grass,4,23,
1,grass,4,24,
1,grass,4,29,
1,grass,4,31,
1,grass,4,32,
1,grass,4,33,
1,grass,4,34,
1,grass,4,37,
1,grass,4,39,
1,grass,4,40,
1,grass,4,41,
1,grass,4,45,
1,grass,4,46,
1,grass,4,48,
1,grass,4,49,
1,grass,5,0,
1,grass,5,2,
1,grass,5,4,
1,grass,5,11,
1,grass,5,13,
1,grass,5,15,
1,grass,5,19,
1,grass,5,23,
1,grass,5,28,
1,grass,5,29,
1,grass,5,31,
1,grass,5,34,
1,grass,5,35,
1,grass,5,36,
1,grass,5,37,
1,grass,5,38,
1,grass,5,39,
1,grass,5,42,
1,grass,5,47,
1,grass,5,48,
1,grass,5,49,
1,grass,6,0,
1,grass,6,2,
1,grass,6,5,
1,grass,6,8,
1,grass,6,10,
1,grass,6,11,
1,grass,6,15,
1,grass,6,16,
1,grass,6,17,
1,grass,6,21,
1,grass,6,22,
1,grass,6,24,
1,grass,6,26,
1,grass,6,28,
1,grass,6,29,
1,grass,6,32,
1,grass,6,34,
1,grass,6,35,
1,grass,6,36,
1,grass,6,39,
1,grass,6,40,
1,grass,6,41,
1,grass,6,42,
1,grass,6,43,
1,grass,6,44,
1,grass,6,46,
1,grass,6,48,
1,grass,6,49,
1,grass,7,0,
1,grass,7,2,
1,grass,7,3,
1,grass,7,5,
1,grass,7,11,
1,grass,7,12,
1,grass,7,14,
1,grass,7,17,
1,grass,7,21,
1,grass,7,22,
1,grass,7,24,
1,grass,7,25,
1,grass,7,27,
1,grass,7,28,
1,grass,7,34,
1,grass,7,35,
1,grass,7,40,
1,grass,7,43,
1,grass,7,44,
1,grass,7,47,
1,grass,8,0,
1,grass,8,1,
1,grass,8,2,
1,grass,8,4,
1,grass,8,7,
1,grass,8,10,
1,grass,8,11,
1,grass,8,12,
1,grass,8,13,
1,grass,8,14,
1,grass,8,15,
1,grass,8,16,
1,grass,8,18,
1,grass,8,19,
1,grass,8,20,
1,grass,8,22,
1,grass,8,23,
1,grass,8,25,
1,grass,8,28,
1,grass,8,29,
1,grass,8,32,
1,grass,8,34,
1,grass,8,35,
1,grass,8,36,
1,grass,8,37,
1,grass,8,39,
1,grass,8,40,
1,grass,8,41,
1,grass,8,42,
1,grass,8,43,
1,grass,8,45,
1,grass,8,47,
1,grass,8,49,
1,grass,9,2,
1,grass,9,4,
1,grass,9,6,
1,grass,9,7,
1,grass,9,8,
1,grass,9,9,
1,grass,9,10,
1,grass,9,12,
1,grass,9,13,
1,grass,9,15,
1,grass,9,17,
1,grass,9,21,
1,grass,9,23,
1,grass,9,26,
1,grass,9,28,
1,grass,9,30,
1,grass,9,33,
1,grass,9,34,
1,grass,9,35,
1,grass,9,39,
1,grass,9,40,
1,grass,9,42,
1,grass,9,45,
1,grass,9,48,
1,grass,10,2,
1,grass,10,5,
1,grass,10,6,
1,grass,10,8,
1,grass,10,9,
1,grass,10,11,
1,grass,10,13,
1,grass,10,15,
1,grass,10,16,
1,grass,10,18,
1,grass,10,19,
1,grass,10,20,
1,grass,10,21,
1,grass,10,24,
1,grass,10,32,
1,grass,10,33,
1,grass,10,34,
1,grass,10,35,
1,grass,10,36,
1,grass,10,37,
1,grass,10,38,
1,grass,10,41,
1,grass,10,45,
1,grass,10,49,
1,grass,11,6,
1,grass,11,7,
1,grass,11,8,
1,grass,11,9,
1,grass,11,10,
1,grass,11,13,
1,grass,11,16,
1,grass,11,17,
1,grass,11,19,
1,grass,11,20,
1,grass,11,21,
1,grass,11,22,
1,grass,11,26,
1,grass,11,29,
1,grass,11,30,
1,grass,11,32,
1,grass,11,33,
1,grass,11,34,
1,grass,11,35,
1,grass,11,36,
1,grass,11,38,
1,grass,11,41,
1,grass,11,44,
1,grass,11,45,
1,grass,11,46,
1,grass,11,48,
1,grass,11,49,
1,grass,12,0,
1,grass,12,4,
1,grass,12,5,
1,grass,12,7,
1,grass,12,10,
1,grass,12,11,
1,grass,12,13,
1,grass,12,15,
1,grass,12,16,
1,grass,12,18,
1,grass,12,19,
1,grass,12,20,
1,grass,12,23,
1,grass,12,24,
1,grass,12,28,
1,grass,12,29,
1,grass,12,30,
1,grass,12,32,
1,grass,12,34,
1,grass,12,38,
1,grass,12,43,
1,grass,12,44,
1,grass,12,46,
1,grass,12,49,
1,grass,13,0,
1,grass,13,3,
1,grass,13,5,
1,grass,13,7,
1,grass,13,9,
1,grass,13,10,
1,grass,13,12,
1,grass,13,13,
1,grass,13,15,
1,grass,13,16,
1,grass,13,19,
1,grass,13,22,
1,grass,13,23,
1,grass,13,24,
1,grass,13,26,
1,grass,13,27,
1,grass,13,28,
1,grass,13,33,
1,grass,13,34,
1,grass,13,35,
1,grass,13,40,
1,grass,13,41,
1,grass,13,42,
1,grass,13,43,
1,grass,13,44,
1,grass,13,48,
1,grass,14,3,
1,grass,14,4,
1,grass,14,5,
1,grass,14,7,
1,grass,14,10,
1,grass,14,12,
1,grass,14,15,
1,grass,14,18,
1,grass,14,19,
1,grass,14,20,
1,grass,14,25,
1,grass,14,27,
1,grass,14,28,
1,grass,14,30,
1,grass,14,33,
1,grass,14,34,
1,grass,14,35,
1,grass,14,38,
1,grass,14,39,
1,grass,14,40,
1,grass,14,41,
1,grass,14,42,
1,grass,14,43,
1,grass,14,46,
1,grass,14,47,
1,grass,15,8,
1,grass,15,9,
1,grass,15,11,
1,grass,15,16,
1,grass,15,18,
1,grass,15,20,
1,grass,15,23,
1,grass,15,29,
1,grass,15,31,
1,grass,15,32,
1,grass,15,33,
1,grass,15,36,
1,grass,15,37,
1,grass,15,39,
1,grass,15,40,
1,grass,15,42,
1,grass,15,43,
1,grass,15,44,
1,grass,15,45,
1,grass,15,46,
1,grass,16,0,
1,grass,16,1,
1,grass,16,2,
1,grass,16,4,
1,grass,16,6,
1,grass,16,7,
1,grass,16,8,
1,grass,16,9,
1,grass,16,10,
1,grass,16,14,
1,grass,16,15,
1,grass,16,23,
1,grass,16,25,
1,grass,16,26,
1,grass,16,27,
1,grass,16,29,
1,grass,16,31,
1,grass,16,33,
1,grass,16,35,
1,grass,16,38,
1,grass,16,39,
1,grass,16,44,
1,grass,16,45,
1,grass,16,46,
1,grass,16,47,
1,grass,16,48,
1,grass,16,49,
1,grass,17,0,
1,grass,17,1,
1,grass,17,2,
1,grass,17,4,
1,grass,17,7,
1,grass,17,8,
1,grass,17,14,
1,grass,17,15,
1,grass,17,16,
1,grass,17,19,
1,grass,17,21,
1,grass,17,22,
1,grass,17,23,
1,grass,17,25,
1,grass,17,29,
1,grass,17,30,
1,grass,17,31,
1,grass,17,36,
1,grass,17,37,
1,grass,17,40,
1,grass,17,41,
1,grass,17,42,
1,grass,17,43,
1,grass,17,45,
1,grass,17,47,
1,grass,17,49,
1,grass,18,1,
1,grass,18,2,
1,grass,18,5,
1,grass,18,6,
1,grass,18,8,
1,grass,18,10,
1,grass,18,13,
1,grass,18,15,
1,grass,18,18,
1,grass,18,21,
1,grass,18,22,
1,grass,18,23,
1,grass,18,26,
1,grass,18,31,
1,grass,18,37,
1,grass,18,38,
1,grass,18,39,
1,grass,18,41,
1,grass,18,42,
1,grass,18,45,
1,grass,18,46,
1,grass,19,1,
1,grass,19,2,
1,grass,19,4,
1,grass,19,6,
1,grass,19,7,
1,grass,19,10,
1,grass,19,12,
1,grass,19,13,
1,grass,19,14,
1,grass,19,16,
1,grass,19,17,
1,grass,19,21,
1,grass,19,23,
1,grass,19,25,
1,grass,19,27,
1,grass,19,30,
1,grass,19,31,
1,grass,19,33,
1,grass,19,35,
1,grass,19,37,
1,grass,19,38,
1,grass,19,39,
1,grass,19,42,
1,grass,19,44,
1,grass,19,47,
1,grass,20,0,
1,grass,20,2,
1,grass,20,5,
1,grass,20,8,
1,grass,20,10,
1,grass,20,11,
1,grass,20,13,
1,grass,20,14,
1,grass,20,16,
1,grass,20,18,
1,grass,20,19,
1,grass,20,21,
1,grass,20,22,
1,grass,20,23,
1,grass,20,27,
1,grass,20,33,
1,grass,20,34,
1,grass,20,42,
1,grass,20,44,
1,grass,20,45,
1,grass,20,46,
1,grass,20,47,
1,grass,21,0,
1,grass,21,1,
1,grass,21,2,
1,grass,21,4,
1,grass,21,5,
1,grass,21,7,
1,grass,21,8,
1,grass,21,11,
1,grass,21,12,
1,grass,21,19,
1,grass,21,21,
1,grass,21,23,
1,grass,21,24,
1,grass,21,25,
1,grass,21,30,
1,grass,21,33,
1,grass,21,34,
1,grass,21,36,
1,grass,21,37,
1,grass,21,38,
1,grass,21,39,
1,grass,21,40,
1,grass,21,41,
1,grass,21,42,
1,grass,21,43,
1,grass,21,45,
1,grass,22,0,
1,grass,22,2,
1,grass,22,3,
1,grass,22,4,
1,grass,22,6,
1,grass,22,7,
1,grass,22,9,
1,grass,22,10,
1,grass,22,16,
1,grass,22,25,
1,grass,22,28,
1,grass,22,29,
1,grass,22,33,
1,grass,22,37,
1,grass,22,38,
1,grass,22,39,
1,grass,22,40,
1,grass,22,41,
1,grass,22,42,
1,grass,22,43,
1,grass,22,45,
1,grass,22,47,
1,grass,22,48,
1,grass,23,0,
1,grass,23,1,
1,grass,23,5,
1,grass,23,11,
1,grass,23,12,
1,grass,23,13,
1,grass,23,15,
1,grass,23,17,
1,grass,23,18,
1,grass,23,19,
1,grass,23,20,
1,grass,23,22,
1,grass,23,25,
1,grass,23,28,
1,grass,23,29,
1,grass,23,31,
1,grass,23,36,
1,grass,23,38,
1,grass,23,39,
1,grass,23,42,
1,grass,23,44,
1,grass,23,46,
1,grass,23,48,
1,grass,24,1,
1,grass,24,3,
1,grass,24,4,
1,grass,24,8,
1,grass,24,9,
1,grass,24,10,
1,grass,24,14,
1,grass,24,17,
1,grass,24,19,
1,grass,24,21,
1,grass,24,24,
1,grass,24,29,
1,grass,24,32,
1,grass,24,34,
1,grass,24,36,
1,grass,24,37,
1,grass,24,38,
1,grass,24,39,
1,grass,24,40,
1,grass,24,42,
1,grass,24,45,
1,grass,24,46,
1,grass,24,47,
1,grass,24,49,
1,grass,25,0,
1,grass,25,2,
1,grass,25,3,
1,grass,25,5,
1,grass,25,7,
1,grass,25,8,
1,grass,25,10,
1,grass,25,12,
1,grass,25,15,
1,grass,25,16,
1,grass,25,18,
1,grass,25,19,
1,grass,25,21,
1,grass,25,22,
1,grass,25,30,
1,grass,25,31,
1,grass,25,33,
1,grass,25,34,
1,grass,25,37,
1,grass,25,39,
1,grass,25,40,
1,grass,25,41,
1,grass,25,42,
1,grass,25,43,
1,grass,25,44,
1,grass,25,45,
1,grass,25,48,
1,grass,26,0,
1,grass,26,1,
1,grass,26,2,
1,grass,26,3,
1,grass,26,5,
1,grass,26,6,
1,grass,26,8,
1,grass,26,11,
1,grass,26,12,
1,grass,26,13,
1,grass,26,14,
1,grass,26,15,
1,grass,26,16,
1,grass,26,18,
1,grass,26,19,
1,grass,26,20,
1,grass,26,21,
1,grass,26,23,
1,grass,26,24,
1,grass,26,25,
1,grass,26,26,
1,grass,26,28,
1,grass,26,30,
1,grass,26,32,
1,grass,26,33,
1,grass,26,37,
1,grass,26,38,
1,grass,26,40,
1,grass,26,41,
1,grass,26,46,
1,grass,26,47,
1,grass,26,49,
1,grass,27,0,
1,grass,27,1,
1,grass,27,2,
1,grass,27,3,
1,grass,27,4,
1,grass,27,6,
1,grass,27,8,
1,grass,27,9,
1,grass,27,10,
1,grass,27,11,
1,grass,27,12,
1,grass,27,13,
1,grass,27,15,
1,grass,27,16,
1,grass,27,17,
1,grass,27,19,
1,grass,27,21,
1,grass,27,23,
1,grass,27,25,
1,grass,27,28,
1,grass,27,29,
1,grass,27,30,
1,grass,27,32,
1,grass,27,33,
1,grass,27,38,
1,grass,27,39,
1,grass,27,42,
1,grass,27,43,
1,grass,27,44,
1,grass,27,45,
1,grass,27,47,
1,grass,27,48,
1,grass,27,49,
1,grass,28,1,
1,grass,28,2,
1,grass,28,6,
1,grass,28,7,
1,grass,28,8,
1,grass,28,10,
1,grass,28,14,
1,grass,28,15,
1,grass,28,20,
1,grass,28,22,
1,grass,28,23,
1,grass,28,25,
1,grass,28,29,
1,grass,28,30,
1,grass,28,33,
1,grass,28,35,
1,grass,28,36,
1,grass,28,38,
1,grass,28,41,
1,grass,28,42,
1,grass,28,44,
1,grass,28,46,
1,grass,28,47,
1,grass,28,48,
1,grass,28,49,
1,grass,29,0,
1,grass,29,2,
1,grass,29,3,
1,grass,29,8,
1,grass,29,12,
1,grass,29,13,
1,grass,29,16,
1,grass,29,19,
1,grass,29,20,
1,grass,29,21,
1,grass,29,23,
1,grass,29,25,
1,grass,29,26,
1,grass,29,27,
1,grass,29,29,
1,grass,29,30,
1,grass,29,32,
1,grass,29,35,
1,grass,29,37,
1,grass,29,41,
1,grass,29,44,
1,grass,29,46,
1,grass,29,49,
1,grass,30,1,
1,grass,30,4,
1,grass,30,6,
1,grass,30,7,
1,grass,30,10,
1,grass,30,18,
1,grass,30,20,
1,grass,30,22,
1,grass,30,23,
1,grass,30,25,
1,grass,30,26,
1,grass,30,28,
1,grass,30,31,
1,grass,30,32,
1,grass,30,33,
1,grass,30,34,
1,grass,30,36,
1,grass,30,37,
1,grass,30,40,
1,grass,30,41,
1,grass,30,42,
1,grass,30,45,
1,grass,30,46,
1,grass,30,48,
1,grass,30,49,
1,grass,31,1,
1,grass,31,3,
1,grass,31,4,
1,grass,31,11,
1,grass,31,14,
1,grass,31,17,
1,grass,31,20,
1,grass,31,21,
1,grass,31,25,
1,grass,31,26,
1,grass,31,29,
1,grass,31,35,
1,grass,31,38,
1,grass,31,40,
1,grass,31,41,
1,grass,31,42,
1,grass,31,43,
1,grass,31,46,
1,grass,31,47,
1,grass,31,49,
1,grass,32,0,
1,grass,32,5,
1,grass,32,7,
1,grass,32,8,
1,grass,32,9,
1,grass,32,12,
1,grass,32,14,
1,grass,32,15,
1,grass,32,16,
1,grass,32,18,
1,grass,32,20,
1,grass,32,21,
1,grass,32,22,
1,grass,32,23,
1,grass,32,24,
1,grass,32,25,
1,grass,32,26,
1,grass,32,29,
1,grass,32,35,
1,grass,32,36,
1,grass,32,42,
1,grass,32,43,
1,grass,32,46,
1,grass,32,48,
1,grass,33,0,
1,grass,33,1,
1,grass,33,2,
1,grass,33,6,
1,grass,33,7,
1,grass,33,8,
1,grass,33,9,
1,grass,33,11,
1,grass,33,16,
1,grass,33,19,
1,grass,33,20,
1,grass,33,21,
1,grass,33,23,
1,grass,33,25,
1,grass,33,26,
1,grass,33,27,
1,grass,33,28,
1,grass,33,33,
1,grass,33,34,
1,grass,33,35,
1,grass,33,36,
1,grass,33,42,
1,grass,33,44,
1,grass,33,49,
1,grass,34,0,
1,grass,34,3,
1,grass,34,7,
1,grass,34,9,
1,grass,34,10,
1,grass,34,11,
1,grass,34,12,
1,grass,34,15,
1,grass,34,17,
1,grass,34,18,
1,grass,34,24,
1,grass,34,26,
1,grass,34,27,
1,grass,34,30,
1,grass,34,32,
1,grass,34,33,
1,grass,34,34,
1,grass,34,37,
1,grass,34,38,
1,grass,34,40,
1,grass,34,41,
1,grass,34,42,
1,grass,34,46,
1,grass,34,47,
1,grass,35,5,
1,grass,35,8,
1,grass,35,10,
1,grass,35,11,
1,grass,35,22,
1,grass,35,23,
1,grass,35,25,
1,grass,35,28,
1,grass,35,32,
1,grass,35,37,
1,grass,35,42,
1,grass,35,44,
1,grass,35,45,
1,grass,35,49,
1,grass,36,1,
1,grass,36,3,
1,grass,36,6,
1,grass,36,7,
1,grass,36,8,
1,grass,36,9,
1,grass,36,11,
1,grass,36,12,
1,grass,36,13,
1,grass,36,17,
1,grass,36,20,
1,grass,36,21,
1,grass,36,23,
1,grass,36,24,
1,grass,36,25,
1,grass,36,26,
1,grass,36,27,
1,grass,36,31,
1,grass,36,32,
1,grass,36,33,
1,grass,36,34,
1,grass,36,37,
1,grass,36,38,
1,grass,36,41,
1,grass,36,42,
1,grass,36,43,
1,grass,36,44,
1,grass,36,45,
1,grass,36,46,
1,grass,36,48,
1,grass,37,0,
1,grass,37,2,
1,grass,37,4,
1,grass,37,5,
1,grass,37,12,
1,grass,37,13,
1,grass,37,15,
1,grass,37,16,
1,grass,37,18,
1,grass,37,19,
1,grass,37,21,
1,grass,37,22,
1,grass,37,23,
1,grass,37,25,
1,grass,37,26,
1,grass,37,29,
1,grass,37,32,
1,grass,37,35,
1,grass,37,36,
1,grass,37,37,
1,grass,37,38,
1,grass,37,39,
1,grass,37,41,
1,grass,37,42,
1,grass,37,43,
1,grass,37,44,
1,grass,37,48,
1,grass,38,0,
1,grass,38,3,
1,grass,38,4,
1,grass,38,8,
1,grass,38,12,
1,grass,38,14,
1,grass,38,15,
1,grass,38,16,
1,grass,38,18,
1,grass,38,19,
1,grass,38,20,
1,grass,38,22,
1,grass,38,23,
1,grass,38,24,
1,grass,38,26,
1,grass,38,27,
1,grass,38,32,
1,grass,38,34,
1,grass,38,35,
1,grass,38,37,
1,grass,38,38,
1,grass,38,41,
1,grass,38,43,
1,grass,38,48,
1,grass,38,49,
1,grass,39,2,
1,grass,39,3,
1,grass,39,4,
1,grass,39,8,
1,grass,39,9,
1,grass,39,10,
1,grass,39,11,
1,grass,39,12,
1,grass,39,17,
1,grass,39,19,
1,grass,39,22,
1,grass,39,23,
1,grass,39,24,
1,grass,39,25,
1,grass,39,26,
1,grass,39,28,
1,grass,39,31,
1,grass,39,34,
1,grass,39,36,
1,grass,39,38,
1,grass,39,39,
1,grass,39,40,
1,grass,39,41,
1,grass,39,42,
1,grass,39,43,
1,grass,39,48,
1,grass,39,49,
1,grass,40,1,
1,grass,40,2,
1,grass,40,4,
1,grass,40,5,
1,grass,40,8,
1,grass,40,12,
1,grass,40,13,
1,grass,40,22,
1,grass,40,25,
1,grass,40,27,
1,grass,40,28,
1,grass,40,29,
1,grass,40,34,
1,grass,40,35,
1,grass,40,39,
1,grass,40,41,
1,grass,40,44,
1,grass,40,45,
1,grass,41,1,
1,grass,41,2,
1,grass,41,8,
1,grass,41,9,
1,grass,41,10,
1,grass,41,12,
1,grass,41,13,
1,grass,41,16,
1,grass,41,17,
1,grass,41,18,
1,grass,41,20,
1,grass,41,21,
1,grass,41,22,
1,grass,41,23,
1,grass,41,24,
1,grass,41,26,
1,grass,41,27,
1,grass,41,29,
1,grass,41,30,
1,grass,41,32,
1,grass,41,34,
1,grass,41,36,
1,grass,41,37,
1,grass,41,41,
1,grass,41,42,
1,grass,41,46,
1,grass,41,48,
1,grass,42,2,
1,grass,42,7,
1,grass,42,8,
1,grass,42,10,
1,grass,42,11,
1,grass,42,12,
1,grass,42,13,
1,grass,42,14,
1,grass,42,16,
1,grass,42,17,
1,grass,42,20,
1,grass,42,21,
1,grass,42,23,
1,grass,42,24,
1,grass,42,27,
1,grass,42,29,
1,grass,42,31,
1,grass,42,33,
1,grass,42,35,
1,grass,42,36,
1,grass,42,37,
1,grass,42,39,
1,grass,42,40,
1,grass,42,41,
1,grass,42,42,
1,grass,42,46,
1,grass,42,48,
1,grass,42,49,
1,grass,43,0,
1,grass,43,2,
1,grass,43,6,
1,grass,43,8,
1,grass,43,14,
1,grass,43,16,
1,grass,43,18,
1,grass,43,20,
1,grass,43,21,
1,grass,43,25,
1,grass,43,27,
1,grass,43,28,
1,grass,43,29,
1,grass,43,33,
1,grass,43,35,
1,grass,43,36,
1,grass,43,38,
1,grass,43,39,
1,grass,43,40,
1,grass,43,41,
1,grass,43,42,
1,grass,43,43,
1,grass,43,47,
1,grass,43,48,
1,grass,44,1,
1,grass,44,3,
1,grass,44,5,
1,grass,44,12,
1,grass,44,14,
1,grass,44,15,
1,grass,44,16,
1,grass,44,18,
1,grass,44,19,
1,grass,44,20,
1,grass,44,22,
1,grass,44,27,
1,grass,44,29,
1,grass,44,30,
1,grass,44,33,
1,grass,44,35,
1,grass,44,38,
1,grass,44,41,
1,grass,44,42,
1,grass,44,46,
1,grass,44,48,
1,grass,44,49,
1,grass,45,0,
1,grass,45,10,
1,grass,45,12,
1,grass,45,13,
1,grass,45,14,
1,grass,45,18,
1,grass,45,20,
1,grass,45,21,
1,grass,45,23,
1,grass,45,25,
1,grass,45,26,
1,grass,45,27,
1,grass,45,28,
1,grass,45,29,
1,grass,45,30,
1,grass,45,32,
1,grass,45,34,
1,grass,45,36,
1,grass,45,39,
1,grass,45,43,
1,grass,45,49,
1,grass,46,2,
1,grass,46,4,
1,grass,46,5,
1,grass,46,9,
1,grass,46,11,
1,grass,46,13,
1,grass,46,14,
1,grass,46,19,
1,grass,46,21,
1,grass,46,24,
1,grass,46,25,
1,grass,46,32,
1,grass,46,33,
1,grass,46,34,
1,grass,46,35,
1,grass,46,37,
1,grass,46,39,
1,grass,46,40,
1,grass,46,41,
1,grass,46,42,
1,grass,46,43,
1,grass,46,45,
1,grass,46,46,
1,grass,46,47,
1,grass,46,49,
1,grass,47,2,
1,grass,47,11,
1,grass,47,14,
1,grass,47,15,
1,grass,47,17,
1,grass,47,19,
1,grass,47,23,
1,grass,47,24,
1,grass,47,26,
1,grass,47,28,
1,grass,47,29,
1,grass,47,31,
1,grass,47,33,
1,grass,47,35,
1,grass,47,37,
1,grass,47,38,
1,grass,47,39,
1,grass,47,42,
1,grass,47,43,
1,grass,47,44,
1,grass,47,45,
1,grass,47,47,
1,grass,47,48,
1,grass,47,49,
1,grass,48,1,
1,grass,48,2,
1,grass,48,3,
1,grass,48,4,
1,grass,48,5,
1,grass,48,9,
1,grass,48,12,
1,grass,48,13,
1,grass,48,17,
1,grass,48,18,
1,grass,48,19,
1,grass,48,21,
1,grass,48,22,
1,grass,48,23,
1,grass,48,24,
1,grass,48,25,
1,grass,48,26,
1,grass,48,27,
1,grass,48,28,
1,grass,48,29,
1,grass,48,30,
1,grass,48,32,
1,grass,48,33,
1,grass,48,35,
1,grass,48,36,
1,grass,48,37,
1,grass,48,38,
1,grass,48,43,
1,grass,48,45,
1,grass,48,46,
1,grass,49,0,
1,grass,49,1,
1,grass,49,4,
1,grass,49,7,
1,grass,49,9,
1,grass,49,11,
1,grass,49,12,
1,grass,49,13,
1,grass,49,15,
1,grass,49,17,
1,grass,49,18,
1,grass,49,19,
1,grass,49,22,
1,grass,49,23,
1,grass,49,24,
1,grass,49,25,
1,grass,49,26,
1,grass,49,27,
1,grass,49,29,
1,grass,49,31,
1,grass,49,34,
1,grass,49,36,
1,grass,49,38,
1,grass,49,39,
1,grass,49,40,
1,grass,49,41,
1,grass,49,42,
1,grass,49,44,
1,grass,49,45,
1,grass,49,46,
1,grass,49,47,
1,grass,49,48,
1,wolf,19.08915867,8.943504866,1.006144452
1,wolf,49.75059449,21.96490495,20.39416202
1,wolf,22.4072246,9.888007369,5.866501005
1,wolf,15.63912826,13.02000479,34.27220671
1,wolf,47.04915157,39.75585874,19.582718
1,wolf,10.35841527,11.8972278,30.15725345
1,wolf,0.519296101,33.67945937,37.85662551
1,wolf,1.68591235,16.82688023,14.36387199
1,wolf,16.1655716,6.717785727,39.57528351
1,wolf,32.19372862,38.2804635,24.64780119
1,wolf,33.74897404,23.34935294,1.507310425
1,wolf,3.722277183,6.569422049,22.16739236
1,wolf,27.6547116,2.015604408,24.97722871
1,wolf,36.66672017,1.657241256,20.33480835
1,wolf,28.94854192,15.1467345,8.152366608
1,wolf,32.11847094,38.36749217,26.42938686
1,wolf,6.006667623,10.93497333,2.490638986
1,wolf,14.75646913,48.72773192,15.83626281
1,wolf,0.533119707,47.42606881,12.56593058
1,wolf,5.893664568,11.74557968,6.392622917
1,wolf,1.288689047,25.17524629,39.36650258
1,wolf,36.98496836,15.36217187,38.40091531
1,wolf,20.10853604,5.688797022,31.2866629
1,wolf,17.88367075,39.594449,32.90177439
1,wolf,42.57880382,47.62478938,21.73574049
1,wolf,42.97742628,14.88824385,12.16552162
1,wolf,0.023687085,9.923664428,31.45246155
1,wolf,28.83038203,20.93122211,4.584973728
1,wolf,10.60913436,15.81242878,24.71671586
1,wolf,21.48519007,46.78892773,35.78850568
1,wolf,46.98992625,4.563904578,33.03212415
1,wolf,37.04198046,0.861505407,26.48739329
1,wolf,10.84487936,31.58547905,18.70342468
1,wolf,11.20707103,11.77946199,1.938829627
1,wolf,28.90127614,0.624266623,26.22094978
1,wolf,43.94386395,16.88180304,23.66932948
1,wolf,32.45968177,22.22820924,37.59345498
1,wolf,49.20063641,42.46267591,31.56493962
1,wolf,41.72489231,46.00839058,7.732406768
1,wolf,18.36451984,30.4733479,27.64647689
1,wolf,17.37732179,5.116184544,30.92134885
1,wolf,12.27596498,0.214714353,7.627350965
1,wolf,39.61717422,20.48113287,39.28966615
1,wolf,40.40156548,34.22830452,10.21970747
1,wolf,20.81930424,7.424910901,19.54507383
1,wolf,48.90097329,3.837728367,5.161523523
1,wolf,35.68059895,46.17561041,32.7875466
1,wolf,39.14268876,38.84145583,36.21989706
1,sheep,31.51037035,37.1325552,6.778704277
1,sheep,33.05989853,24.6071004,7.446078407
1,sheep,31.73600051,42.87276973,2.790168864
1,sheep,37.1781155,37.4552767,1.902563884
1,sheep,16.44180891,42.72379873,4.522184899
1,sheep,26.93404796,38.86535771,0.673688955
1,sheep,9.618399072,32.24215508,3.804092065
1,sheep,44.83971016,18.40201491,6.304296038
1,sheep,15.92134351,0.898430081,4.576136558
1,sheep,11.21489884,3.59609433,1.840286714
1,sheep,37.20483942,12.51034677,2.801665322
1,sheep,25.76166393,40.6594301,1.773483229
1,sheep,42.0483317,43.38738111,1.732266898
1,sheep,21.12864829,1.558763543,3.261448459
1,sheep,37.5847107,11.20203877,7.657402134
1,sheep,38.23864745,48.62127667,0.054928006
1,sheep,33.41268408,34.02249079,3.851235344
1,sheep,19.57255023,38.92489577,2.017447067
1,sheep,41.24905046,47.86893211,3.528418639
1,sheep,25.83660269,30.59267532,2.631223895
1,sheep,33.20887939,41.43630594,4.49974699
1,sheep,27.83479463,28.41983987,2.773784243
1,sheep,8.866828773,39.53803123,7.884096647
1,sheep,42.87000711,19.46575528,4.12925973
1,sheep,29.09340368,10.00496019,3.977897678
1,sheep,34.08058567,11.90758292,4.745736954
1,sheep,48.05889346,12.92563262,6.362055281
1,sheep,39.70107687,6.294677874,4.626606772
1,sheep,2.983266911,9.137033365,4.98389394
1,sheep,21.80805215,42.22886687,5.791943412
1,sheep,13.9285717,30.1544977,6.483308911
1,sheep,19.66347014,29.38038112,1.409086021
1,sheep,32.19513759,26.46399421,3.756432167
1,sheep,6.483424965,22.64381999,7.611642316
1,sheep,25.91954795,23.74967519,4.677089572
1,sheep,9.250152005,22.65783552,4.503426663
1,sheep,19.51198213,21.54626406,7.461529494
1,sheep,11.31107828,32.51174216,0.958802651
1,sheep,44.38869945,10.21210855,7.459875629
1,sheep,42.97282923,9.647056591,2.35888705
1,sheep,23.03163523,12.5087686,3.346292342
1,sheep,49.58611925,8.20062574,4.491436225
1,sheep,26.21827626,29.12810946,2.020904602
1,sheep,10.00009453,0.91577897,7.077017414
1,sheep,40.77579539,45.91441674,6.82627505
1,sheep,22.55655784,16.4795203,4.740952063
1,sheep,48.62930143,26.35564083,4.171694173
1,sheep,4.139269617,27.69787412,1.028815379
1,sheep,40.21062632,19.45048291,3.401415801
1,sheep,34.1765593,6.859045109,4.061204273
1,sheep,0.641252735,4.584977177,0.978626404
1,sheep,18.32905689,48.23550255,6.269592671
1,sheep,40.79180226,6.939758908,3.573777423
1,sheep,26.46414351,20.02875069,1.271294147
1,sheep,25.4779771,36.46593873,4.356786225
1,sheep,23.00124515,35.13747241,7.500685521
1,sheep,23.02480053,14.89598895,6.107262562
1,sheep,22.98058772,48.33744076,1.29783828
1,sheep,44.88511451,47.80177645,5.234673594
1,sheep,18.86965444,16.17777797,5.498581192
1,sheep,10.55438394,17.95651929,6.019883436
1,sheep,2.420768116,26.80818883,6.068237018
1,sheep,38.66854692,11.7551647,4.374855757
1,sheep,42.18646667,42.11344429,6.027506128
1,sheep,19.50210689,9.949571181,1.735798102
1,sheep,41.80776816,37.82567292,6.563509092
1,sheep,21.19186354,0.585326008,6.411988536
1,sheep,9.128417577,26.01707581,7.802507533
1,sheep,19.91816295,9.909346704,3.105058419
1,sheep,2.392263169,49.25624162,7.128742477
1,sheep,31.89871129,39.84641877,1.964497262
1,sheep,4.763139405,48.44512975,2.403737973
1,sheep,39.19524007,47.49251344,1.032131096
1,sheep,18.14501115,28.29570816,4.879217516
1,sheep,42.54462758,44.91858685,4.503223619
1,sheep,5.858687485,20.38175061,1.819530502
1,sheep,49.51124686,27.31640694,3.534602635
1,sheep,38.55134192,15.73104541,0.232788891
1,sheep,36.50493337,36.04766858,4.044643936
1,sheep,9.902523092,45.94852304,0.143021503
1,sheep,25.97498549,48.19999127,1.851756267
1,sheep,27.36156922,14.80030263,1.854299336
1,sheep,26.40491099,44.619978,5.840898934
1,sheep,7.778522815,33.02619828,1.272828327
1,sheep,14.79572052,46.49427296,0.966461694
1,sheep,44.91120827,16.00267902,2.451822457
1,sheep,19.00008899,16.31637384,0.485695363
1,sheep,5.475061326,11.80279246,3.636300784
1,sheep,37.95439146,33.55367443,6.39860779
1,sheep,47.20498661,9.752209373,4.752002059
1,sheep,15.17065374,27.31099674,6.641492056
1,sheep,43.04184057,18.68881574,6.726069221
1,sheep,10.14550143,25.46457233,4.060350518
1,sheep,9.865900178,43.72811776,2.625327735
1,sheep,8.936587971,25.98121877,0.535960695
1,sheep,3.078057873,29.14329811,5.184158475
1,sheep,25.02009381,46.11055853,5.062989026
1,sheep,16.2271453,2.259651382,5.337570066
1,sheep,28.53518314,4.867666598,0.927773575
1,sheep,37.80581192,8.232136231,5.287551953
1,sheep,45.05484352,40.40632957,0.652288885
1,sheep,39.82560874,15.58761282,0.984704395
2,grass,0,1,
2,grass,0,2,
2,grass,0,4,
2,grass,0,8,
2,grass,0,10,
2,grass,0,13,
2,grass,0,16,
2,grass,0,19,
2,grass,0,20,
2,grass,0,24,
2,grass,0,25,
2,grass,0,26,
2,grass,0,27,
2,grass,0,28,
2,grass,0,31,
2,grass,0,32,
2,grass,0,33,
2,grass,0,40,
2,grass,0,44,
2,grass,0,46,
2,grass,1,0,
2,grass,1,4,
2,grass,1,10,
2,grass,1,11,
2,grass,1,14,
2,grass,1,15,
2,grass,1,19,
2,grass,1,21,
2,grass,1,22,
2,grass,1,25,
2,grass,1,28,
2,grass,1,32,
2,grass,1,33,
2,grass,1,34,
2,grass,1,37,
2,grass,1,38,
2,grass,1,40,
2,grass,1,47,
2,grass,1,48,
2,grass,2,1,
2,grass,2,2,
2,grass,2,3,
2,grass,2,5,
2,grass,2,6,
2,grass,2,7,
2,grass,2,9,
2,grass,2,10,
2,grass,2,13,
2,grass,2,14,
2,grass,2,15,
2,grass,2,16,
2,grass,2,18,
2,grass,2,19,
2,grass,2,20,
2,grass,2,22,
2,grass,2,23,
2,grass,2,25,
2,grass,2,26,
2,grass,2,32,
2,grass,2,33,
2,grass,2,34,
2,grass,2,35,
2,grass,2,37,
2,grass,2,43,
2,grass,2,44,
2,grass,3,0,
2,grass,3,1,
2,grass,3,4,
2,grass,3,5,
2,grass,3,7,
2,grass,3,9,
2,grass,3,11,
2,grass,3,12,
2,grass,3,15,
2,grass,3,18,
2,grass,3,21,
2,grass,3,23,
2,grass,3,26,
2,grass,3,27,
2,grass,3,29,
2,grass,3,32,
2,grass,3,35,
2,grass,3,39,
2,grass,3,43,
2,grass,3,44,
2,grass,3,45,
2,grass,3,46,
2,grass,3,49,
2,grass,4,1,
2,grass,4,2,
2,grass,4,4,
2,grass,4,5,
2,grass,4,6,
2,grass,4,9,
2,grass,4,10,
2,grass,4,13,
2,grass,4,14,
2,grass,4,15,
2,grass,4,18,
2,grass,4,20,
2,grass,4,22,
2,grass,4,23,
2,grass,4,24,
2,grass,4,29,
2,grass,4,31,
2,grass,4,32,
2,grass,4,33,
2,grass,4,34,
2,grass,4,37,
2,grass,4,39,
2,grass,4,40,
2,grass,4,41,
2,grass,4,45,
2,grass,4,46,
2,grass,4,48,
2,grass,4,49,
2,grass,5,0,
2,grass,5,2,
2,grass,5,4,
2,grass,5,11,
2,grass,5,13,
2,grass,5,15,
2,grass,5,19,
2,grass,5,23,
2,grass,5,28,
2,grass,5,29,
2,grass,5,31,
2,grass,5,34,
2,grass,5,35,
2,grass,5,36,
2,grass,5,37,
2,grass,5,38,
2,grass,5,39,
2,grass,5,42,
2,grass,5,47,
2,grass,5,48,
2,grass,5,49,
2,grass,6,0,
2,grass,6,2,
2,grass,6,5,
2,grass,6,8,
2,grass,6,10,
2,grass,6,11,
2,grass,6,15,
2,grass,6,16,
2,grass,6,17,
2,grass,6,21,
2,grass,6,22,
2,grass,6,24,
2,grass,6,26,
2,grass,6,28,
2,grass,6,29,
2,grass,6,32,
2,grass,6,34,
2,grass,6,35,
2,grass,6,36,
2,grass,6,39,
2,grass,6,40,
2,grass,6,41,
2,grass,6,42,
2,grass,6,43,
2,grass,6,44,
2,grass,6,46,
2,grass,6,48,
2,grass,6,49,
2,grass,7,0,
2,grass,7,2,
2,grass,7,3,
2,grass,7,5,
2,grass,7,11,
2,grass,7,12,
2,grass,7,14,
2,grass,7,17,
2,grass,7,21,
2,grass,7,22,
2,grass,7,24,
2,grass,7,25,
2,grass,7,27,
2,grass,7,28,
2,grass,7,34,
2,grass,7,35,
2,grass,7,40,
2,grass,7,43,
2,grass,7,44,
2,grass,7,47,
2,grass,8,0,
2,grass,8,1,
2,grass,8,2,
2,grass,8,4,
2,grass,8,7,
2,grass,8,10,
2,grass,8,11,
2,grass,8,12,
2,grass,8,13,
2,grass,8,14,
2,grass,8,15,
2,grass,8,16,
2,grass,8,18,
2,grass,8,19,
2,grass,8,20,
2,grass,8,22,
2,grass,8,23,
2,grass,8,25,
2,grass,8,28,
2,grass,8,29,
2,grass,8,32,
2,grass,8,34,
2,grass,8,35,
2,grass,8,36,
2,grass,8,37,
2,grass,8,39,
2,grass,8,40,
2,grass,8,41,
2,grass,8,42,
2,grass,8,43,
2,grass,8,45,
2,grass,8,47,
2,grass,8,49,
2,grass,9,2,
2,grass,9,4,
2,grass,9,6,
2,grass,9,7,
2,grass,9,8,
2,grass,9,9,
2,grass,9,10,
2,grass,9,12,
2,grass,9,13,
2,grass,9,15,
2,grass,9,17,
2,grass,9,21,
2,grass,9,23,
2,grass,9,26,
2,grass,9,28,
2,grass,9,30,
2,grass,9,33,
2,grass,9,34,
2,grass,9,35,
2,grass,9,39,
2,grass,9,40,
2,grass,9,42,
2,grass,9,45,
2,grass,9,48,
2,grass,10,2,
2,grass,10,5,
2,grass,10,6,
2,grass,10,8,
2,grass,10,9,
2,grass,10,11,
2,grass,10,13,
2,grass,10,15,
2,grass,10,16,
2,grass,10,18,
2,grass,10,19,
2,grass,10,20,
2,grass,10,21,
2,grass,10,24,
2,grass,10,32,
2,grass,10,33,
2,grass,10,34,
2,grass,10,35,
2,grass,10,36,
2,grass,10,37,
2,grass,10,38,
2,grass,10,41,
2,grass,10,45,
2,grass,10,49,
2,grass,11,6,
2,grass,11,7,
2,grass,11,8,
2,grass,11,9,
2,grass,11,10,
2,grass,11,13,
2,grass,11,16,
2,grass,11,17,
2,grass,11,19,
2,grass,11,20,
2,grass,11,21,
2,grass,11,22,
2,grass,11,26,
2,grass,11,29,
2,grass,11,30,
2,grass,11,32,
2,grass,11,33,
2,grass,11,34,
2,grass,11,35,
2,grass,11,36,
2,grass,11,38,
2,grass,11,41,
2,grass,11,44,
2,grass,11,45,
2,grass,11,46,
2,grass,11,48,
2,grass,11,49,
2,grass,12,0,
2,grass,12,4,
2,grass,12,5,
2,grass,12,7,
2,grass,12,10,
2,grass,12,11,
2,grass,12,13,
2,grass,12,15,
2,grass,12,16,
2,grass,12,18,
2,grass,12,19,
2,grass,12,20,
2,grass,12,23,
2,grass,12,24,
2,grass,12,28,
2,grass,12,29,
2,grass,12,30,
2,grass,12,32,
2,grass,12,34,
2,grass,12,38,
2,grass,12,43,
2,grass,12,44,
2,grass,12,46,
2,grass,12,49,
2,grass,13,0,
2,grass,13,3,
2,grass,13,5,
2,grass,13,7,
2,grass,13,9,
2,grass,13,10,
2,grass,13,12,
2,grass,13,13,
2,grass,13,15,
2,grass,13,16,
2,grass,13,19,
2,grass,13,22,
2,grass,13,23,
2,grass,13,24,
2,grass,13,26,
2,grass,13,27,
2,grass,13,28,
2,grass,13,33,
2,grass,13,34,
2,grass,13,35,
2,grass,13,40,
2,grass,13,41,
2,grass,13,42,
2,grass,13,43,
2,grass,13,44,
2,grass,13,48,
2,grass,14,3,
2,grass,14,4,
2,grass,14,5,
2,grass,14,7,
2,grass,14,10,
2,grass,14,12,
2,grass,14,15,
2,grass,14,18,
2,grass,14,19,
2,grass,14,20,
2,grass,14,25,
2,grass,14,27,
2,grass,14,28,
2,grass,14,30,
2,grass,14,33,
2,grass,14,34,
2,grass,14,35,
2,grass,14,38,
2,grass,14,39,
2,grass,14,40,
2,grass,14,41,
2,grass,14,42,
2,grass,14,43,
2,grass,14,46,
2,grass,14,47,
2,grass,15,8,
2,grass,15,9,
2,grass,15,11,
2,grass,15,16,
2,grass,15,18,
2,grass,15,20,
2,grass,15,23,
2,grass,15,29,
2,grass,15,31,
2,grass,15,32,
2,grass,15,33,
2,grass,15,36,
2,grass,15,37,
2,grass,15,39,
2,grass,15,40,
2,grass,15,42,
2,grass,15,43,
2,grass,15,44,
2,grass,15,45,
2,grass,15,46,
2,grass,16,0,
2,grass,16,1,
2,grass,16,2,
2,grass,16,4,
2,grass,16,6,
2,grass,16,7,
2,grass,16,8,
2,grass,16,9,
2,grass,16,10,
2,grass,16,14,
2,grass,16,15,
2,grass,16,23,
2,grass,16,25,
2,grass,16,26,
2,grass,16,27,
2,grass,16,29,
2,grass,16,31,
2,grass,16,33,
2,grass,16,35,
2,grass,16,38,
2,grass,16,39,
2,grass,16,44,
2,grass,16,45,
2,grass,16,46,
2,grass,16,47,
2,grass,16,48,
2,grass,16,49,
2,grass,17,0,
2,grass,17,1,
2,grass,17,2,
2,grass,17,4,
2,grass,17,7,
2,grass,17,8,
2,grass,17,14,
2,grass,17,15,
2,grass,17,16,
2,grass,17,19,
2,grass,17,21,
2,grass,17,22,
2,grass,17,23,
2,grass,17,25,
2,grass,17,29,
2,grass,17,30,
2,grass,17,31,
2,grass,17,36,
2,grass,17,37,
2,grass,17,40,
2,grass,17,41,
2,grass,17,42,
2,grass,17,43,
2,grass,17,45,
2,grass,17,47,
2,grass,17,49,
2,grass,18,1,
2,grass,18,2,
2,grass,18,5,
2,grass,18,6,
2,grass,18,8,
2,grass,18,10,
2,grass,18,13,
2,grass,18,15,
2,grass,18,18,
2,grass,18,21,
2,grass,18,22,
2,grass,18,23,
2,grass,18,26,
2,grass,18,31,
2,grass,18,37,
2,grass,18,38,
2,grass,18,39,
2,grass,18,41,
2,grass,18,42,
2,grass,18,45,
2,grass,18,46,
2,grass,19,1,
2,grass,19,2,
2,grass,19,4,
2,grass,19,6,
2,grass,19,7,
2,grass,19,10,
2,grass,19,12,
2,grass,19,13,
2,grass,19,14,
2,grass,19,16,
2,grass,19,17,
2,grass,19,21,
2,grass,19,23,
2,grass,19,25,
2,grass,19,27,
2,grass,19,30,
2,grass,19,31,
2,grass,19,33,
2,grass,19,35,
2,grass,19,37,
2,grass,19,38,
2,grass,19,39,
2,grass,19,42,
2,grass,19,44,
2,grass,19,47,
2,grass,20,0,
2,grass,20,2,
2,grass,20,5,
2,grass,20,8,
2,grass,20,10,
2,grass,20,11,
2,grass,20,13,
2,grass,20,14,
2,grass,20,16,
2,grass,20,18,
2,grass,20,19,
2,grass,20,21,
2,grass,20,22,
2,grass,20,23,
2,grass,20,27,
2,grass,20,33,
2,grass,20,34,
2,grass,20,42,
2,grass,20,44,
2,grass,20,45,
2,grass,20,46,
2,grass,20,47,
2,grass,21,0,
2,grass,21,1,
2,grass,21,2,
2,grass,21,4,
2,grass,21,5,
2,grass,21,7,
2,grass,21,8,
2,grass,21,11,
2,grass,21,12,
2,grass,21,19,
2,grass,21,21,
2,grass,21,23,
2,grass,21,24,
2,grass,21,25,
2,grass,21,30,
2,grass,21,33,
2,grass,21,34,
2,grass,21,36,
2,grass,21,37,
2,grass,21,38,
2,grass,21,39,
2,grass,21,40,
2,grass,21,41,
2,grass,21,42,
2,grass,21,43,
2,grass,21,45,
2,grass,22,0,
2,grass,22,2,
2,grass,22,3,
2,grass,22,4,
2,grass,22,6,
2,grass,22,7,
2,grass,22,9,
2,grass,22,10,
2,grass,22,16,
2,grass,22,25,
2,grass,22,28,
2,grass,22,29,
2,grass,22,33,
2,grass,22,37,
2,grass,22,38,
2,grass,22,39,
2,grass,22,40,
2,grass,22,41,
2,grass,22,42,
2,grass,22,43,
2,grass,22,45,
2,grass,22,47,
2,grass,22,48,
2,grass,23,0,
2,grass,23,1,
2,grass,23,5,
2,grass,23,11,
2,grass,23,12,
2,grass,23,13,
2,grass,23,15,
2,grass,23,17,
2,grass,23,18,
2,grass,23,19,
2,grass,23,20,
2,grass,23,22,
2,grass,23,25,
2,grass,23,28,
2,grass,23,29,
2,grass,23,31,
2,grass,23,36,
2,grass,23,38,
2,grass,23,39,
2,grass,23,42,
2,grass,23,44,
2,grass,23,46,
2,grass,23,48,
2,grass,24,1,
2,grass,24,3,
2,grass,24,4,
2,grass,24,8,
2,grass,24,9,
2,grass,24,10,
2,grass,24,14,
2,grass,24,17,
2,grass,24,19,
2,grass,24,21,
2,grass,24,24,
2,grass,24,29,
2,grass,24,32,
2,grass,24,34,
2,grass,24,36,
2,grass,24,37,
2,grass,24,38,
2,grass,24,39,
2,grass,24,40,
2,grass,24,42,
2,grass,24,45,
2,grass,24,46,
2,grass,24,47,
2,grass,24,49,
2,grass,25,0,
2,grass,25,2,
2,grass,25,3,
2,grass,25,5,
2,grass,25,7,
2,grass,25,8,
2,grass,25,10,
2,grass,25,12,
2,grass,25,15,
2,grass,25,16,
2,grass,25,18,
2,grass,25,19,
2,grass,25,21,
2,grass,25,22,
2,grass,25,30,
2,grass,25,31,
2,grass,25,33,
2,grass,25,34,
2,grass,25,37,
2,grass,25,39,
2,grass,25,40,
2,grass,25,41,
2,grass,25,42,
2,grass,25,43,
2,grass,25,44,
2,grass,25,45,
2,grass,25,48,
2,grass,26,8,
2,grass,26,11,
2,grass,26,12,
2,grass,26,13,
2,grass,26,14,
2,grass,26,15,
2,grass,26,16,
2,grass,26,18,
2,grass,26,19,
2,grass,26,20,
2,grass,26,21,
2,grass,26,23,
2,grass,26,24,
2,grass,26,25,
2,grass,26,26,
2,grass,26,28,
2,grass,26,30,
2,grass,26,32,
2,grass,26,33,
2,grass,26,37,
2,grass,26,38,
2,grass,26,40,
2,grass,26,41,
2,grass,26,46,
2,grass,26,47,
2,grass,26,49,
2,grass,27,9,
2,grass,27,10,
2,grass,27,11,
2,grass,27,12,
2,grass,27,13,
2,grass,27,15,
2,grass,27,16,
2,grass,27,17,
2,grass,27,19,
2,grass,27,21,
2,grass,27,23,
2,grass,27,25,
2,grass,27,28,
2,grass,27,29,
2,grass,27,30,
2,grass,27,32,
2,grass,27,33,
2,grass,27,38,
2,grass,27,39,
2,grass,27,42,
2,grass,27,43,
2,grass,27,44,
2,grass,27,45,
2,grass,27,47,
2,grass,27,48,
2,grass,27,49,
2,grass,28,1,
2,grass,28,2,
2,grass,28,6,
2,grass,28,7,
2,grass,28,8,
2,grass,28,10,
2,grass,28,14,
2,grass,28,15,
2,grass,28,20,
2,grass,28,22,
2,grass,28,23,
2,grass,28,25,
2,grass,28,29,
2,grass,28,30,
2,grass,28,33,
2,grass,28,35,
2,grass,28,36,
2,grass,28,38,
2,grass,28,41,
2,grass,28,42,
2,grass,28,44,
2,grass,28,46,
2,grass,28,47,
2,grass,28,48,
2,grass,28,49,
2,grass,29,0,
2,grass,29,2,
2,grass,29,3,
2,grass,29,8,
2,grass,29,12,
2,grass,29,13,
2,grass,29,16,
2,grass,29,19,
2,grass,29,20,
2,grass,29,21,
2,grass,29,23,
2,grass,29,25,
2,grass,29,26,
2,grass,29,27,
2,grass,29,29,
2,grass,29,30,
2,grass,29,32,
2,grass,29,35,
2,grass,29,37,
2,grass,29,41,
2,grass,29,44,
2,grass,29,46,
2,grass,29,49,
2,grass,30,1,
2,grass,30,4,
2,grass,30,6,
2,grass,30,7,
2,grass,30,10,
2,grass,30,18,
2,grass,30,20,
2,grass,30,22,
2,grass,30,23,
2,grass,30,25,
2,grass,30,26,
2,grass,30,28,
2,grass,30,31,
2,grass,30,32,
2,grass,30,33,
2,grass,30,34,
2,grass,30,36,
2,grass,30,37,
2,grass,30,40,
2,grass,30,41,
2,grass,30,42,
2,grass,30,45,
2,grass,30,46,
2,grass,30,48,
2,grass,30,49,
2,grass,31,1,
2,grass,31,3,
2,grass,31,4,
2,grass,31,11,
2,grass,31,14,
2,grass,31,17,
2,grass,31,20,
2,grass,31,21,
2,grass,31,25,
2,grass,31,26,
2,grass,31,29,
2,grass,31,35,
2,grass,31,38,
2,grass,31,40,
2,grass,31,41,
2,grass,31,42,
2,grass,31,43,
2,grass,31,46,
2,grass,31,47,
2,grass,31,49,
2,grass,32,0,
2,grass,32,5,
2,grass,32,7,
2,grass,32,8,
2,grass,32,9,
2,grass,32,12,
2,grass,32,14,
2,grass,32,15,
2,grass,32,16,
2,grass,32,18,
2,grass,32,20,
2,grass,32,21,
2,grass,32,22,
2,grass,32,23,
2,grass,32,24,
2,grass,32,25,
2,grass,32,26,
2,grass,32,29,
2,grass,32,35,
2,grass,32,36,
2,grass,32,42,
2,grass,32,43,
2,grass,32,46,
2,grass,32,48,
2,grass,33,0,
2,grass,33,1,
2,grass,33,2,
2,grass,33,6,
2,grass,33,7,
2,grass,33,8,
2,grass,33,9,
2,grass,33,11,
2,grass,33,16,
2,grass,33,19,
2,grass,33,20,
2,grass,33,21,
2,grass,33,23,
2,grass,33,25,
2,grass,33,26,
2,grass,33,27,
2,grass,33,28,
2,grass,33,33,
2,grass,33,34,
2,grass,33,35,
2,grass,33,36,
2,grass,33,42,
2,grass,33,44,
2,grass,33,49,
2,grass,34,0,
2,grass,34,3,
2,grass,34,7,
2,grass,34,9,
2,grass,34,10,
2,grass,34,11,
2,grass,34,12,
2,grass,34,15,
2,grass,34,17,
2,grass,34,18,
2,grass,34,24,
2,grass,34,26,
2,grass,34,27,
2,grass,34,30,
2,grass,34,32,
2,grass,34,33,
2,grass,34,34,
2,grass,34,37,
2,grass,34,38,
2,grass,34,40,
2,grass,34,41,
2,grass,34,42,
2,grass,34,46,
2,grass,34,47,
2,grass,35,5,
2,grass,35,8,
2,grass,35,10,
2,grass,35,11,
2,grass,35,22,
2,grass,35,23,
2,grass,35,25,
2,grass,35,28,
2,grass,35,32,
2,grass,35,37,
2,grass,35,42,
2,grass,35,44,
2,grass,35,45,
2,grass,35,49,
2,grass,36,1,
2,grass,36,3,
2,grass,36,6,
2,grass,36,7,
2,grass,36,8,
2,grass,36,9,
2,grass,36,11,
2,grass,36,12,
2,grass,36,13,
2,grass,36,17,
2,grass,36,20,
2,grass,36,21,
2,grass,36,23,
2,grass,36,24,
2,grass,36,25,
2,grass,36,26,
2,grass,36,27,
2,grass,36,31,
2,grass,36,32,
2,grass,36,33,
2,grass,36,34,
2,grass,36,37,
2,grass,36,38,
2,grass,36,41,
2,grass,36,42,
2,grass,36,43,
2,grass,36,44,
2,grass,36,45,
2,grass,36,46,
2,grass,36,48,
2,grass,37,0,
2,grass,37,2,
2,grass,37,4,
2,grass,37,5,
2,grass,37,12,
2,grass,37,13,
2,grass,37,15,
2,grass,37,16,
2,grass,37,18,
2,grass,37,19,
2,grass,37,21,
2,grass,37,22,
2,grass,37,23,
2,grass,37,25,
2,grass,37,26,
2,grass,37,29,
2,grass,37,32,
2,grass,37,35,
2,grass,37,36,
2,grass,37,37,
2,grass,37,38,
2,grass,37,39,
2,grass,37,41,
2,grass,37,42,
2,grass,37,43,
2,grass,37,44,
2,grass,37,48,
2,grass,38,0,
2,grass,38,3,
2,grass,38,4,
2,grass,38,8,
2,grass,38,12,
2,grass,38,14,
2,grass,38,15,
2,grass,38,16,
2,grass,38,18,
2,grass,38,19,
2,grass,38,20,
2,grass,38,22,
2,grass,38,23,
2,grass,38,24,
2,grass,38,26,
2,grass,38,27,
2,grass,38,32,
2,grass,38,34,
2,grass,38,35,
2,grass,38,37,
2,grass,38,38,
2,grass,38,41,
2,grass,38,43,
2,grass,38,48,
2,grass,38,49,
2,grass,39,2,
2,grass,39,3,
2,grass,39,4,
2,grass,39,8,
2,grass,39,9,
2,grass,39,10,
2,grass,39,11,
2,grass,39,12,
2,grass,39,17,
2,grass,39,19,
2,grass,39,22,
2,grass,39,23,
2,grass,39,24,
2,grass,39,25,
2,grass,39,26,
2,grass,39,28,
2,grass,39,31,
2,grass,39,34,
2,grass,39,36,
2,grass,39,38,
2,grass,39,39,
2,grass,39,40,
2,grass,39,41,
2,grass,39,42,
2,grass,39,43,
2,grass,39,48,
2,grass,39,49,
2,grass,40,1,
2,grass,40,2,
2,grass,40,4,
2,grass,40,5,
2,grass,40,8,
2,grass,40,12,
2,grass,40,13,
2,grass,40,22,
2,grass,40,25,
2,grass,40,27,
2,grass,40,28,
2,grass,40,29,
2,grass,40,34,
2,grass,40,35,
2,grass,40,39,
2,grass,40,41,
2,grass,40,44,
2,grass,40,45,
2,grass,41,1,
2,grass,41,2,
2,grass,41,8,
2,grass,41,9,
2,grass,41,10,
2,grass,41,12,
2,grass,41,13,
2,grass,41,16,
2,grass,41,17,
2,grass,41,18,
2,grass,41,20,
2,grass,41,21,
2,grass,41,22,
2,grass,41,23,
2,grass,41,24,
2,grass,41,26,
2,grass,41,27,
2,grass,41,29,
2,grass,41,30,
2,grass,41,32,
2,grass,41,34,
2,grass,41,36,
2,grass,41,37,
2,grass,41,41,
2,grass,41,42,
2,grass,41,46,
2,grass,41,48,
2,grass,42,2,
2,grass,42,7,
2,grass,42,8,
2,grass,42,10,
2,grass,42,11,
2,grass,42,12,
2,grass,42,13,
2,grass,42,14,
2,grass,42,16,
2,grass,42,17,
2,grass,42,20,
2,grass,42,21,
2,grass,42,23,
2,grass,42,24,
2,grass,42,27,
2,grass,42,29,
2,grass,42,31,
2,grass,42,33,
2,grass,42,35,
2,grass,42,36,
2,grass,42,37,
2,grass,42,39,
2,grass,42,40,
2,grass,42,41,
2,grass,42,42,
2,grass,42,46,
2,grass,42,48,
2,grass,42,49,
2,grass,43,0,
2,grass,43,2,
2,grass,43,6,
2,grass,43,8,
2,grass,43,14,
2,grass,43,16,
2,grass,43,18,
2,grass,43,20,
2,grass,43,21,
2,grass,43,25,
2,grass,43,27,
2,grass,43,28,
2,grass,43,29,
2,grass,43,33,
2,grass,43,35,
2,grass,43,36,
2,grass,43,38,
2,grass,43,39,
2,grass,43,40,
2,grass,43,41,
2,grass,43,42,
2,grass,43,43,
2,grass,43,47,
2,grass,43,48,
2,grass,44,1,
2,grass,44,3,
2,grass,44,5,
2,grass,44,12,
2,grass,44,14,
2,grass,44,15,
2,grass,44,16,
2,grass,44,18,
2,grass,44,19,
2,grass,44,20,
2,grass,44,22,
2,grass,44,27,
2,grass,44,29,
2,grass,44,30,
2,grass,44,33,
2,grass,44,35,
2,grass,44,38,
2,grass,44,41,
2,grass,44,42,
2,grass,44,46,
2,grass,44,48,
2,grass,44,49,
2,grass,45,0,
2,grass,45,10,
2,grass,45,12,
2,grass,45,13,
2,grass,45,14,
2,grass,45,18,
2,grass,45,20,
2,grass,45,21,
2,grass,45,23,
2,grass,45,25,
2,grass,45,26,
2,grass,45,27,
2,grass,45,28,
2,grass,45,29,
2,grass,45,30,
2,grass,45,32,
2,grass,45,34,
2,grass,45,36,
2,grass,45,39,
2,grass,45,43,
2,grass,45,49,
2,grass,46,2,
2,grass,46,4,
2,grass,46,5,
2,grass,46,9,
2,grass,46,11,
2,grass,46,13,
2,grass,46,14,
2,grass,46,19,
2,grass,46,21,
2,grass,46,24,
2,grass,46,25,
2,grass,46,32,
2,grass,46,33,
2,grass,46,34,
2,grass,46,35,
2,grass,46,37,
2,grass,46,39,
2,grass,46,40,
2,grass,46,41,
2,grass,46,42,
2,grass,46,43,
2,grass,46,45,
2,grass,46,46,
2,grass,46,47,
2,grass,46,49,
2,grass,47,2,
2,grass,47,11,
2,grass,47,14,
2,grass,47,15,
2,grass,47,17,
2,grass,47,19,
2,grass,47,23,
2,grass,47,24,
2,grass,47,26,
2,grass,47,28,
2,grass,47,29,
2,grass,47,31,
2,grass,47,33,
2,grass,47,35,
2,grass,47,37,
2,grass,47,38,
2,grass,47,39,
2,grass,47,42,
2,grass,47,43,
2,grass,47,44,
2,grass,47,45,
2,grass,47,47,
2,grass,47,48,
2,grass,47,49,
2,grass,48,1,
2,grass,48,2,
2,grass,48,3,
2,grass,48,4,
2,grass,48,5,
2,grass,48,9,
2,grass,48,12,
2,grass,48,13,
2,grass,48,17,
2,grass,48,18,
2,grass,48,19,
2,grass,48,21,
2,grass,48,22,
2,grass,48,23,
2,grass,48,24,
2,grass,48,25,
2,grass,48,26,
2,grass,48,27,
2,grass,48,28,
2,grass,48,29,
2,grass,48,30,
2,grass,48,32,
2,grass,48,33,
2,grass,48,35,
2,grass,48,36,
2,grass,48,37,
2,grass,48,38,
2,grass,48,43,
2,grass,48,45,
2,grass,48,46,
2,grass,49,0,
2,grass,49,1,
2,grass,49,4,
2,grass,49,7,
2,grass,49,9,
2,grass,49,11,
2,grass,49,12,
2,grass,49,13,
2,grass,49,15,
2,grass,49,17,
2,grass,49,18,
2,grass,49,19,
2,grass,49,22,
2,grass,49,23,
2,grass,49,24,
2,grass,49,25,
2,grass,49,26,
2,grass,49,27,
2,grass,49,29,
2,grass,49,31,
2,grass,49,34,
2,grass,49,36,
2,grass,49,38,
2,grass,49,39,
2,grass,49,40,
2,grass,49,41,
2,grass,49,42,
2,grass,49,44,
2,grass,49,45,
2,grass,49,46,
2,grass,49,47,
2,grass,49,48,
2,wolf,18.39452198,8.620522576,1.473496777
2,wolf,49.83461266,22.79794322,19.73749859
2,wolf,23.19082565,9.798818571,6.794068764
2,wolf,15.17194872,13.12715073,33.49815399
2,wolf,46.67637987,39.90421424,19.11106723
2,wolf,10.15402805,10.95954178,31.11158493
2,wolf,1.173836361,32.81031703,38.71055986
2,wolf,1.265886909,16.19882233,14.3956795
2,wolf,15.81409264,6.095955994,38.61579894
2,wolf,31.49349796,38.47709746,24.46796131
2,wolf,33.15192795,23.0400245,0.742056929
2,wolf,3.865021672,5.814487013,21.31541506
2,wolf,27.0298581,1.13272038,24.85027245
2,wolf,37.57956161,2.424860243,21.18949647
2,wolf,29.88657852,15.14097319,8.858270284
2,wolf,32.40223756,38.65140661,26.69512159
2,wolf,5.555979863,10.0575557,3.042396432
2,wolf,13.87542647,48.55028042,16.82358531
2,wolf,0.281303538,46.64225922,12.99411055
2,wolf,5.915466007,10.79530531,6.097778374
2,wolf,1.98790994,25.87643077,38.60349252
2,wolf,36.29551764,15.43252421,38.31682533
2,wolf,19.44008063,6.377648107,31.108053
2,wolf,18.70654486,39.20629453,32.63305131
2,wolf,42.85772663,47.24828055,21.86199652
2,wolf,42.268181,15.53313617,13.12056861
2,wolf,0.010016421,9.681182,32.29568142
2,wolf,28.70605517,20.82557392,5.353929459
2,wolf,9.942670386,16.5549228,25.14710589
2,wolf,21.28642333,46.67835772,35.93478106
2,wolf,46.14651602,3.804938265,33.40652466
2,wolf,36.63498985,1.763998902,26.70914252
2,wolf,11.58213289,31.20115189,18.63901115
2,wolf,12.11446554,11.26994375,1.427495007
2,wolf,29.25804289,1.028732178,26.50769034
2,wolf,43.33831587,16.87882245,23.91473802
2,wolf,31.94744015,21.65791161,36.84569453
2,wolf,50.1015223,42.12101128,31.85596268
2,wolf,41.19682243,46.43924828,8.209540821
2,wolf,18.72226275,29.74244685,27.05323324
2,wolf,16.7872719,4.315392148,30.29751161
2,wolf,12.38420549,0.102801759,8.556869718
2,wolf,39.35121876,19.5460499,40.21795175
2,wolf,40.65637306,34.35041862,11.04140836
2,wolf,21.70903727,7.624566121,18.83764679
2,wolf,48.76406333,4.333416027,6.016190089
2,wolf,35.58101802,46.64814718,33.51667293
2,wolf,40.03654133,39.19801569,36.06875383
2,sheep,31.85632727,38.03358554,5.814079366
2,sheep,33.88037135,25.01626342,7.098085513
2,sheep,31.84749767,42.10047392,2.606998527
2,sheep,37.13747154,37.67735518,2.724642687
2,sheep,16.5869664,43.30451912,4.213086634
2,sheep,26.44268409,38.24985223,0.135817036
2,sheep,8.673700776,31.94493836,3.790294536
2,sheep,44.33509789,17.9365898,6.59853919
2,sheep,16.60042207,1.799420564,4.197488248
2,sheep,11.25891744,4.252393579,1.901841159
2,sheep,36.45560006,12.2801463,2.038900793
2,sheep,25.53217944,40.82746365,2.362510937
2,sheep,42.26467355,44.29108053,2.296653402
2,sheep,20.56531122,1.952114649,3.886617767
2,sheep,37.30513644,10.8670053,6.680861284
2,sheep,37.56788417,49.54302264,-0.758219221
2,sheep,34.30471455,34.07525918,3.747910038
2,sheep,19.76094451,38.6039863,2.723672615
2,sheep,40.50756096,48.84769988,4.126192301
2,sheep,25.88620089,31.29331377,2.383034559
2,sheep,33.83973062,41.23080985,3.870668292
2,sheep,27.02404111,28.39690259,2.302769171
2,sheep,7.90286604,40.40116989,6.986566255
2,sheep,43.38851347,18.60365778,3.561577859
2,sheep,28.98840948,9.625583747,4.777464982
2,sheep,33.18827104,11.54794135,4.819307705
2,sheep,48.58661123,12.29379441,6.059368836
2,sheep,39.80798023,6.588086953,5.461419941
2,sheep,2.07889333,8.607318513,5.934808523
2,sheep,22.07540373,41.88827548,5.581651728
2,sheep,14.46666092,30.1468377,7.01596024
2,sheep,20.38417062,30.07091502,2.01199977
2,sheep,32.72807897,26.11673613,3.485552528
2,sheep,6.277554674,23.16834118,7.961189102
2,sheep,25.65983477,22.78769054,4.491981919
2,sheep,10.05710072,22.35982102,3.726023748
2,sheep,19.89212006,20.84304755,7.718419247
2,sheep,12.05971035,32.9015459,1.590919226
2,sheep,43.96453597,10.7543136,7.387570002
2,sheep,43.84806543,10.61809266,3.270598634
2,sheep,22.57337804,12.48881637,3.730384358
2,sheep,48.63648441,7.442388968,4.815865842
2,sheep,26.76712408,28.2824719,1.18983002
2,sheep,10.09917897,0.440282036,6.849150402
2,sheep,40.08583764,46.35195355,7.102910477
2,sheep,23.02554536,16.03123537,4.901176779
2,sheep,49.28426429,25.90989614,4.52215762
2,sheep,3.776587348,26.88360195,0.384196857
2,sheep,40.55315224,19.35567654,4.342403242
2,sheep,33.32656093,7.028066319,4.522796627
2,sheep,0.64420096,3.602343612,0.658175184
2,sheep,17.68038331,48.53172221,6.017948417
2,sheep,40.31064751,6.406259579,2.642361737
2,sheep,27.45365286,19.46471976,0.956643758
2,sheep,25.56033152,37.32150933,3.409936247
2,sheep,22.06002308,36.06523002,8.352085082
2,sheep,22.79487028,14.24982938,6.138617194
2,sheep,22.86578889,47.68266461,0.490206702
2,sheep,45.75277156,47.6055953,5.440223795
2,sheep,18.28891196,15.66539655,5.727955034
2,sheep,10.6575527,17.21811059,5.88025373
2,sheep,1.883383857,27.70520293,6.281268793
2,sheep,39.48856277,10.88466839,3.406864658
2,sheep,41.24041267,41.46171013,6.868968936
2,sheep,19.29252019,10.10370143,1.586157356
2,sheep,41.26135566,37.03945932,7.276873903
2,sheep,21.59983562,-0.182166389,7.323543221
2,sheep,9.906658002,25.82982658,8.642831074
2,sheep,20.13764363,9.836621281,3.429104454
2,sheep,2.879020905,50.02561465,6.265275188
2,sheep,32.56684428,40.82270518,1.610254973
2,sheep,5.11471396,48.33392449,2.826447454
2,sheep,38.20154543,47.82395421,0.366828641
2,sheep,18.21388041,28.97572268,3.93527679
2,sheep,42.1156469,44.78792562,5.477483655
2,sheep,5.843901865,19.71061125,2.239224028
2,sheep,50.49139746,27.43739902,3.132373728
2,sheep,39.13584156,15.50056874,-0.167902372
2,sheep,36.41313128,36.52884432,5.038776852
2,sheep,10.74864172,45.60299339,-0.653304572
2,sheep,25.05620618,49.0408879,1.473832665
2,sheep,28.15382812,14.77492365,1.516240715
2,sheep,25.59685959,45.13443716,6.693597768
2,sheep,7.551842095,32.09031247,1.004852584
2,sheep,14.46192656,47.39842453,1.49283685
2,sheep,44.82321534,16.24151662,2.122507436
2,sheep,19.40221928,16.56440115,0.927314437
2,sheep,6.182956726,11.55559375,4.151649166
2,sheep,37.37079218,33.66112823,6.012165509
2,sheep,46.89207049,9.217297419,4.65725519
2,sheep,15.75965705,26.37976297,6.05684713
2,sheep,44.00921472,18.12714268,7.530140588
2,sheep,11.08687963,25.35369605,4.945350985
2,sheep,10.76227891,43.58582282,1.867296033
2,sheep,8.976909461,26.50363306,0.925110326
2,sheep,3.157098078,29.00010085,4.762152382
2,sheep,24.72792759,46.6245846,4.090461873
2,sheep,15.24278451,1.91035599,4.88918718
2,sheep,28.62361379,4.616932028,0.487817371
2,sheep,38.75216516,8.323626569,5.230043612
2,sheep,44.38022475,40.69465818,1.002633391
2,sheep,39.59311711,16.03132539,1.197494058
